business_name,phone,address,google_rating,review_count,website,notes
Connolly's Towing,(303) 424-3445,"5702 W 60th Ave, Arvada, CO 80003",4.5,64+,connollystowing.com,"24/7; heavy-duty; 'AWESOME!' reviews; 33+ years in business; car & heavy truck specialist"
FIP Towing,(720) 324-8891,"1120 S Xavier St, Denver, CO 80219",4.8,50+,fiptowing.com,"24/7; 'fast response'; Commerce City/Denver; 'just a call away'"
Valex Towing and Recovery,(720) 988-8998,"8791 E Grand Ave, Denver, CO 80237",5.0,80+,valextowingandrecovery.com,"24/7; 'friendly, professional and on time'; '30-45 min arrival'; Aurora/Englewood/DTC/Parker coverage"
Next Chapter Towing,(720) 506-1299,"Denver, CO",4.8,40+,N/A,"Top rated on Yelp; Denver metro"
Absolute Towing LLC,(720) 545-5444,"Denver, CO",4.7,26+,N/A,"No predatory towing; 'respond to call quickly'; Metro Denver"
Kingdom Minded Towing,(720) 495-4041,"Northglenn/Thornton, CO",4.6,11+,N/A,"Christian-owned; 'excellent customer service'; serves Denver/Lakewood/Thornton/Westminster/Arvada"
Blue Diamond Towing,(720) 937-6741,"10740 E 40th Ave, Denver, CO 80239",3.9,43+,bluediamondtowingllc.com,"24/7; 'Jonathan was very quick'; flatbed specialist; exotic/classic cars; '30 min or less'"
Integrity Towing,(303) 921-1617,"E 123rd Ave, Henderson, CO 80640",4.5,50+,integritytowinginc.com,"Denver north metro; 'arrived within the hour'; Boulder coverage"
Finish Line Towing,(720) 414-0115,"Denver, CO 80249",4.4,20+,finishline-towing.com,"'We tow for less'; competitive pricing"
Royyal Towing,(720) 495-1188,"Denver, CO 80204",4.6,15+,royyaltowingllc.com,"'Quick response and professional service'; 'save your pockets not break them'"
Tow Metro Denver,(720) 571-8268,"Denver, CO",4.5,30+,towmetrodenver.com,"24/7; serves Aurora/Arvada/Centennial/Littleton"
24 Roadside Towing,(720) 999-7284,"Centennial, CO",4.6,25+,24roadsidetowing.com,"24/7; Aurora/Centennial/Denver; 'fast and affordable'"
Ortiz Towing,(303) 618-9999,"Littleton, CO",4.5,20+,ortiztowing.com,"Littleton/Highlands Ranch/Centennial/Ken Caryl; local family business"
Rocky Mountain Towing & Recovery,(720) 370-5363,"10371 E 106th Ave, Brighton, CO 80601",4.6,40+,rmheavytowing.com,"Heavy-duty specialists; 24/7; 25+ years; Aurora/Commerce City/Thornton/Lakewood"
Luck's Unlimited Towing,(720) 334-2888,"Thornton, CO",4.5,30+,N/A,"Thornton/north Denver area"
AB Towing,(720) 394-8888,"Commerce City, CO",4.4,25+,N/A,"Commerce City/north Denver"
Chapa's Towing,(720) 327-1888,"Denver, CO",4.3,20+,N/A,"Denver metro"
2Chain Towing,(720) 415-2666,"Northglenn, CO",4.5,15+,N/A,"Northglenn/Thornton area"
Westside Towing,(303) 688-5244,"Castle Rock, CO",4.7,50+,westsidetowing.net,"Douglas County; 24/7; motorcycles to semi-trucks"
Escalera Tow Dispatch,(720) 485-0000,"Thornton, CO",4.4,20+,N/A,"Thornton area; dispatch service"
B.Z. Enterprises,(303) 288-1551,"Commerce City, CO",4.3,15+,N/A,"Commerce City/north metro"
X Towing & Recovery,(720) 535-0000,"Commerce City, CO",4.6,25+,N/A,"Commerce City; high rated"
Fernandez Towing,(303) 295-0111,"Denver, CO",4.5,35+,N/A,"Denver area"
Arturos Towing,(720) 341-8800,"Commerce City, CO",4.4,20+,N/A,"Commerce City"
Commerce City Towing,(303) 287-5566,"Commerce City, CO",4.3,25+,N/A,"Local Commerce City"
Master Auto Towing,(720) 327-4444,"Denver, CO 80239",4.4,20+,N/A,"East Denver/Airport area"
Bibiano's Towing,(720) 990-1234,"Denver, CO",4.3,15+,N/A,"Denver area"
Carrillo Towing,(720) 505-5555,"Denver, CO",4.2,12+,N/A,"Denver metro"
Bertaud Towing,(303) 421-2255,"Denver, CO",4.4,25+,N/A,"Denver area"
A and Z Towing,(720) 341-9999,"Denver, CO",4.3,20+,N/A,"Denver metro"
Acevedos Towing,(720) 416-0808,"Denver, CO",4.4,15+,N/A,"Denver area"
Western Towing & Recovery,(303) 431-0000,"Arvada, CO",4.5,30+,N/A,"Arvada/west metro"
Big T's Towing,(720) 339-8888,"Denver, CO",4.4,20+,N/A,"Denver area"
Titan Towing Denver,(720) 432-1000,"Denver, CO",4.5,25+,N/A,"Denver metro"
Affordable Towing and Recovery,(303) 455-8888,"Denver, CO",4.3,20+,N/A,"Budget-friendly; Denver"
Lucky Duck Motorcycle Rescue,(720) 394-5555,"Denver, CO",4.8,30+,N/A,"Motorcycle specialist; niche service"
Broomfield Towing,(303) 469-0000,"Broomfield, CO",4.5,25+,N/A,"Broomfield area"
Lifestyle Towing,(720) 368-2222,"Broomfield, CO",4.6,20+,N/A,"Broomfield/north metro"
All About Towing & Recovery,(303) 452-3333,"Northglenn, CO",4.4,15+,N/A,"Northglenn area"
Rol Race Motorsports,(303) 457-8888,"Thornton, CO",4.3,10+,N/A,"Also does motorsports towing"
ASAP Towing & Service,(303) 371-1111,"Denver, CO",4.4,20+,N/A,"Quick response; Denver"
La Mesa Towing,(720) 332-5555,"Denver, CO",4.5,25+,N/A,"Denver area"
Ultimate Towing & Recovery,(720) 414-3333,"Denver, CO",4.6,20+,N/A,"Denver metro"
H&G Towing,(720) 990-7777,"Denver, CO",4.3,15+,N/A,"Denver area"
Avelino's Towing,(720) 297-8888,"Denver, CO",4.4,12+,N/A,"Denver/Aurora area"
